{
    "accuracy": [
        0.43230679631233215,
        0.5200464725494385,
        0.6287042498588562,
        0.7234166264533997,
        0.7629285454750061,
        0.7635095715522766,
        0.7658337950706482,
        0.7786170840263367,
        0.8192911148071289,
        0.8053457140922546,
        0.8082510232925415,
        0.834398627281189,
        0.8326554298400879,
        0.8471818566322327,
        0.8460197448730469,
        0.8489250540733337,
        0.8384659886360168,
        0.8599651455879211,
        0.8570598363876343,
        0.8710052371025085,
        0.8599651455879211,
        0.8628703951835632,
        0.8884369730949402,
        0.8599651455879211,
        0.8593840599060059,
        0.8593840599060059,
        0.871586263179779
    ],
    "val_accuracy": [
        0.4385150671005249,
        0.7262181043624878,
        0.73549884557724,
        0.73549884557724,
        0.8770301342010498,
        0.9164733290672302,
        0.907192587852478,
        0.8816705346107483,
        0.9327146410942078,
        0.895591676235199,
        0.9141531586647034,
        0.9048724174499512,
        0.94199538230896,
        0.9605568647384644,
        0.9327146410942078,
        0.9443155527114868,
        0.9280742406845093,
        0.9211136698722839,
        0.9234338998794556,
        0.9605568647384644,
        0.9350348114967346,
        0.9767981171607971,
        0.9466357231140137,
        0.9327146410942078,
        0.9559164643287659,
        0.9327146410942078,
        0.9651972055435181
    ],
    "loss": [
        1.4596747159957886,
        1.1923788785934448,
        0.9674442410469055,
        0.7830363512039185,
        0.706733763217926,
        0.6674203872680664,
        0.6326045989990234,
        0.6119973063468933,
        0.5099334120750427,
        0.49680373072624207,
        0.4889938235282898,
        0.4409879744052887,
        0.4341217875480652,
        0.40365707874298096,
        0.40712788701057434,
        0.43040668964385986,
        0.4326472282409668,
        0.40687185525894165,
        0.4128606617450714,
        0.3868202865123749,
        0.3746977746486664,
        0.35407981276512146,
        0.3385070264339447,
        0.3632148206233978,
        0.37686416506767273,
        0.35446882247924805,
        0.357369989156723
    ],
    "val_loss": [
        1.2496602535247803,
        0.9541230797767639,
        0.7251986861228943,
        0.7375242114067078,
        0.4902659058570862,
        0.47621795535087585,
        0.4185819923877716,
        0.39978668093681335,
        0.3206849694252014,
        0.33338549733161926,
        0.33641597628593445,
        0.31064215302467346,
        0.2450273036956787,
        0.2164115309715271,
        0.24383099377155304,
        0.24720978736877441,
        0.23040953278541565,
        0.20774361491203308,
        0.23648899793624878,
        0.20812128484249115,
        0.2391069531440735,
        0.17102599143981934,
        0.20403243601322174,
        0.21602727472782135,
        0.17765799164772034,
        0.1822134107351303,
        0.17284590005874634
    ]
}
